time_ns,upm_cycle,interface,physical_rx_id,message_hex
4000178.318,3200131,BERKELEY_SERIALIZER_TX,0,00000000000000005555555555555555
4000179.375,3200131,UPM_TX,0,00000000000000005555555555555555
4000181.875,3200133,UPM_TX,0,00000000000000005555555555555555
4000184.375,3200135,UPM_TX,0,00000000000000005555555555555555
4000186.875,3200137,UPM_TX,0,00000000000000005555555555555555
4000189.375,3200139,UPM_TX,0,00000000000000005555555555555555
4000259.375,3200195,UPM_CONTROLLER_RX,1,00000000000000005555555555555555
4000259.568,3200196,BERKELEY_SERIALIZER_TX,0,00000000000000005555555555555555
4000263.125,3200198,UPM_CONTROLLER_RX,1,00000000000000005555555555555555
