time_ns,event,bits_in_burst,word_hex,high_width_ns
4000261.250,chunk,64,5555555555555555,0.625
4000382.500,chunk,64,5555555555555555,0.625
4000503.750,chunk,64,5555555555555555,0.625
4000625.000,chunk,64,5555555555555555,0.625
4000746.250,chunk,64,5555555555555555,0.625
4000867.500,chunk,64,5555555555555555,0.625
4000988.750,chunk,64,5555555555555555,0.625
4001110.000,chunk,64,5555555555555555,0.625
4001231.250,chunk,64,5555555555555555,0.625
4001352.500,chunk,64,5555555555555555,0.625
4001473.750,chunk,64,5555555555555555,0.625
4001595.000,chunk,64,5555555555555555,0.625
4001716.250,chunk,64,0200010040244012,0.625
4001837.500,chunk,64,0200010040244012,0.625
4001958.750,chunk,64,0200010040244012,0.625
4002080.000,chunk,64,0200010040244012,0.625
4002201.250,chunk,64,0200010040244012,0.625
4002322.500,chunk,64,0200010040244012,0.625
4002443.750,chunk,64,0200010040244012,0.625
4002565.000,chunk,64,0200010040244012,0.625
4002686.250,chunk,64,0200010040244012,0.625
4002807.500,chunk,64,0200010040244012,0.625
4002928.750,chunk,64,0200010040244012,0.625
4003050.000,chunk,64,0200010040244012,0.625
4003171.250,chunk,64,0200010040244012,0.625
4003292.500,chunk,64,0200010040244012,0.625
4003413.750,chunk,64,0200010040244012,0.625
4003535.000,chunk,64,0200010040244012,0.625
4003656.250,chunk,64,0200010040244012,0.625
4003777.500,chunk,64,0200010040244012,0.625
4003898.750,chunk,64,0200010040244012,0.625
4004020.000,chunk,64,0200010040244012,0.625
4004141.250,chunk,64,0200010040244012,0.625
4004262.500,chunk,64,0200010040244012,0.625
4004383.750,chunk,64,0200010040244012,0.625
4004505.000,chunk,64,0200010040244012,0.625
4004626.250,chunk,64,0200010040244012,0.625
4004747.500,chunk,64,0200010040244012,0.625
4004868.750,chunk,64,0200010040244012,0.625
4004990.000,chunk,64,0200010040244012,0.625
4005111.250,chunk,64,0200010040244012,0.625
4005232.500,chunk,64,0200010040244012,0.625
4005353.750,chunk,64,0200010040244012,0.625
4005475.000,chunk,64,0200010040244012,0.625
4005596.250,chunk,64,0200010040244012,0.625
4005717.500,chunk,64,0200010040244012,0.625
4005838.750,chunk,64,0200010040244012,0.625
4005960.000,chunk,64,0200010040244012,0.625
4006081.250,chunk,64,0200010040244012,0.625
4006202.500,chunk,64,0200010040244012,0.625
4006323.750,chunk,64,0200010040244012,0.625
4006445.000,chunk,64,0200010040244012,0.625
4006566.250,chunk,64,0200010040244012,0.625
4006687.500,chunk,64,0200010040244012,0.625
4006808.750,chunk,64,0200010040244012,0.625
4006930.000,chunk,64,0200010040244012,0.625
4007051.250,chunk,64,0200010040244012,0.625
4007172.500,chunk,64,0200010040244012,0.625
4007293.750,chunk,64,0200010040244012,0.625
4007415.000,chunk,64,0200010040244012,0.625
4007536.250,chunk,64,0200010040244012,0.625
4007657.500,chunk,64,0200010040244012,0.625
4007778.750,chunk,64,0200010040244012,0.625
4007900.000,chunk,64,0200010040244012,0.625
4008021.250,chunk,64,0200010040244012,0.625
4008142.500,chunk,64,0200010040244012,0.625
4008263.750,chunk,64,0200010040244012,0.625
4008385.000,chunk,64,0200010040244012,0.625
4008506.250,chunk,64,0200010040244012,0.625
4008627.500,chunk,64,0200010040244012,0.625
4008748.750,chunk,64,0200010040244012,0.625
4008870.000,chunk,64,0200010040244012,0.625
4008991.250,chunk,64,0200010040244012,0.625
4009112.500,chunk,64,0200010040244012,0.625
4009233.750,chunk,64,0200010040244012,0.625
4009355.000,chunk,64,0200010040244012,0.625
4009476.250,chunk,64,0200010040244012,0.625
4009597.500,chunk,64,0200010040244012,0.625
4009718.750,chunk,64,0200010040244012,0.625
4009840.000,chunk,64,0200010040244012,0.625
4009961.250,chunk,64,0200010040244012,0.625
4010082.500,chunk,64,0200010040244012,0.625
4010203.750,chunk,64,0200010040244012,0.625
4010325.000,chunk,64,0200010040244012,0.625
4010446.250,chunk,64,0200010040244012,0.625
4010567.500,chunk,64,0200010040244012,0.625
4010688.750,chunk,64,0200010040244012,0.625
4010810.000,chunk,64,0200010040244012,0.625
4010931.250,chunk,64,0200010040244012,0.625
4011052.500,chunk,64,0200010040244012,0.625
4011173.750,chunk,64,0200010040244012,0.625
4011295.000,chunk,64,0200010040244012,0.625
4011416.250,chunk,64,0200010040244012,0.625
4011537.500,chunk,64,0200010040244012,0.625
4011658.750,chunk,64,0200010040244012,0.625
4011780.000,chunk,64,0200010040244012,0.625
4011901.250,chunk,64,0200010040244012,0.625
4012022.500,chunk,64,0200010040244012,0.625
4012143.750,chunk,64,0200010040244012,0.625
4012265.000,chunk,64,0200010040244012,0.625
4012386.250,chunk,64,0200010040244012,0.625
4012507.500,chunk,64,0200010040244012,0.625
4012628.750,chunk,64,0200010040244012,0.625
4012750.000,chunk,64,0200010040244012,0.625
4012871.250,chunk,64,0200010040244012,0.625
4012992.500,chunk,64,0200010040244012,0.625
4013113.750,chunk,64,0200010040244012,0.625
4013235.000,chunk,64,0200010040244012,0.625
4013356.250,chunk,64,0200010040244012,0.625
4013477.500,chunk,64,0200010040244012,0.625
4013598.750,chunk,64,0200010040244012,0.625
4013720.000,chunk,64,0200010040244012,0.625
4013841.250,chunk,64,0200010040244012,0.625
4013962.500,chunk,64,0200010040244012,0.625
4014083.750,chunk,64,0200010040244012,0.625
4014205.000,chunk,64,0200010040244012,0.625
4014326.250,chunk,64,0200010040244012,0.625
4014447.500,chunk,64,0200010040244012,0.625
4014568.750,chunk,64,0200010040244012,0.625
4014690.000,chunk,64,0200010040244012,0.625
4014811.250,chunk,64,0200010040244012,0.625
4014932.500,chunk,64,0200010040244012,0.625
4015053.750,chunk,64,0200010040244012,0.625
4015175.000,chunk,64,0200010040244012,0.625
4015296.250,chunk,64,0200010040244012,0.625
4015417.500,chunk,64,0200010040244012,0.625
4015538.750,chunk,64,0200010040244012,0.625
4015660.000,chunk,64,0200010040244012,0.625
4015781.250,chunk,64,0200010040244012,0.625
4015902.500,chunk,64,0200010040244012,0.625
4016023.750,chunk,64,0200010040244012,0.625
4016145.000,chunk,64,0200010040244012,0.625
4016266.250,chunk,64,0200010040244012,0.625
4016387.500,chunk,64,0200010040244012,0.625
4016508.750,chunk,64,0200010040244012,0.625
4016630.000,chunk,64,0200010040244012,0.625
4016751.250,chunk,64,0200010040244012,0.625
4016872.500,chunk,64,0200010040244012,0.625
4016993.750,chunk,64,0200010040244012,0.625
4017115.000,chunk,64,0200010040244012,0.625
4017236.250,chunk,64,0200010040244012,0.625
4017357.500,chunk,64,0200010040244012,0.625
4017478.750,chunk,64,0200010040244012,0.625
4017600.000,chunk,64,0200010040244012,0.625
4017721.250,chunk,64,0200010040244012,0.625
4017842.500,chunk,64,0200010040244012,0.625
4017963.750,chunk,64,0200010040244012,0.625
4018085.000,chunk,64,0200010040244012,0.625
4018206.250,chunk,64,0200010040244012,0.625
4018327.500,chunk,64,0200010040244012,0.625
4018448.750,chunk,64,0200010040244012,0.625
4018570.000,chunk,64,0200010040244012,0.625
4018691.250,chunk,64,0200010040244012,0.625
4018812.500,chunk,64,0200010040244012,0.625
4018933.750,chunk,64,0200010040244012,0.625
4019055.000,chunk,64,0200010040244012,0.625
4019176.250,chunk,64,0200010040244012,0.625
4019297.500,chunk,64,0200010040244012,0.625
4019418.750,chunk,64,0200010040244012,0.625
4019540.000,chunk,64,0200010040244012,0.625
4019661.250,chunk,64,0200010040244012,0.625
4019782.500,chunk,64,0200010040244012,0.625
4019903.750,chunk,64,0200010040244012,0.625
4020025.000,chunk,64,0200010040244012,0.625
4020146.250,chunk,64,0200010040244012,0.625
4020267.500,chunk,64,0200010040244012,0.625
4020388.750,chunk,64,0200010040244012,0.625
4020510.000,chunk,64,0200010040244012,0.625
4020631.250,chunk,64,0200010040244012,0.625
4020752.500,chunk,64,0200010040244012,0.625
4020873.750,chunk,64,0200010040244012,0.625
4020995.000,chunk,64,0200010040244012,0.625
4021116.250,chunk,64,0200010040244012,0.625
4021237.500,chunk,64,0200010040244012,0.625
4021358.750,chunk,64,0200010040244012,0.625
4021480.000,chunk,64,0200010040244012,0.625
4021601.250,chunk,64,0200010040244012,0.625
4021722.500,chunk,64,0200010040244012,0.625
4021843.750,chunk,64,0200010040244012,0.625
4021965.000,chunk,64,0200010040244012,0.625
4022086.250,chunk,64,0200010040244012,0.625
4022207.500,chunk,64,0200010040244012,0.625
4022328.750,chunk,64,0200010040244012,0.625
4022450.000,chunk,64,0200010040244012,0.625
4022571.250,chunk,64,0200010040244012,0.625
4022692.500,chunk,64,0200010040244012,0.625
4022813.750,chunk,64,0200010040244012,0.625
4022935.000,chunk,64,0200010040244012,0.625
4023056.250,chunk,64,0200010040244012,0.625
4023177.500,chunk,64,0200010040244012,0.625
4023298.750,chunk,64,0200010040244012,0.625
4023420.000,chunk,64,0200010040244012,0.625
4023541.250,chunk,64,0200010040244012,0.625
4023662.500,chunk,64,0200010040244012,0.625
4023783.750,chunk,64,0200010040244012,0.625
4023905.000,chunk,64,0200010040244012,0.625
4024026.250,chunk,64,0200010040244012,0.625
4024147.500,chunk,64,0200010040244012,0.625
4024268.750,chunk,64,0200010040244012,0.625
4024390.000,chunk,64,0200010040244012,0.625
4024511.250,chunk,64,0200010040244012,0.625
4024632.500,chunk,64,0200010040244012,0.625
4024753.750,chunk,64,0200010040244012,0.625
4024875.000,chunk,64,0200010040244012,0.625
4024996.250,chunk,64,0200010040244012,0.625
4025117.500,chunk,64,0200010040244012,0.625
