time_ns,physical_rx_id,message_hex
4000259.017,1,00000000000000005555555555555555
4000379.017,2,00000000000000005555555555555555
4000499.017,3,00000000000000005555555555555555
4000619.017,4,00000000000000005555555555555555
4000739.017,5,00000000000000005555555555555555
4000859.017,6,00000000000000005555555555555555
4000979.017,7,00000000000000000000000000000000
4001099.017,8,00000000000000005555555555555555
4001219.017,9,00000000000000000000000000000000
4001339.017,10,00000000000000005555555555555555
4001459.017,11,00000000000000000000000000000000
4001579.017,12,00000000000000005555555555555555
4001699.017,13,00000000000000000000000000000000
4001819.017,14,00000000000000000600000040244012
4001939.017,15,00000000000000000600000040244012
4002059.017,16,00000000000000000600000040244012
4002179.017,17,00000000000000000600000040244012
4002299.017,18,00000000000000000600000040244012
4002419.017,19,00000000000000000600000140254012
